{"cameraMode":{"drawMode":0,"name":"Shaded","section":"Shading Mode"},"sceneLighting":true,"audioPlay":false,"sceneViewState":{"showFog":true,"showMaterialUpdate":false,"showSkybox":true,"showFlares":true,"showImageEffects":true,"showParticleSystems":true},"in2DMode":false,"pivot":{"x":189.72000122070313,"y":-1254.2664794921875,"z":-1702.550048828125},"rotation":{"x":-0.4011547267436981,"y":0.011537791229784489,"z":-0.005052534863352776,"w":-0.9159321188926697},"size":2701.925048828125,"orthographic":false}